generation,evaluations,best_fitness,mean_fitness,std_fitness,diversity
1,198,1.668335666994669,2.013069722148618,0.10022706343543714,0.49609057393280614
2,296,1.668335666994669,2.01138632927965,0.09166692114778204,0.49618888506475256
3,394,1.668335666994669,1.9929702177514739,0.08769932770775149,0.49769558205374625
4,492,1.5697842893534804,1.9963022289394343,0.11196231803727948,0.502951389989462
5,590,1.5697842893534804,2.0056440074716195,0.08302003569250449,0.5039963982313231
6,688,1.5697842893534804,1.9896287722719772,0.10604982557737108,0.4991522227778875
7,786,1.5645087531898785,2.004164385613639,0.09699289543490788,0.4980204810977575
8,884,1.5645087531898785,2.000935796169692,0.10021887407918871,0.4991851725653762
9,982,1.5645087531898785,1.9941553237044776,0.09197167836592586,0.5032919926266874
10,1080,1.5645087531898785,1.9980819832265004,0.09507177778022957,0.49618621859090345
11,1178,1.5645087531898785,1.9934187250705242,0.08424350099117937,0.49918229328486885
12,1276,1.5645087531898785,1.9933005522884533,0.09208779590822332,0.49861126545467255
13,1374,1.5645087531898785,1.9984439036781014,0.07084992080327931,0.4919720069800789
14,1472,1.5645087531898785,2.0099859424367037,0.12445592387792309,0.5040898547269229
15,1570,1.5645087531898785,2.013143859668799,0.11395857329798577,0.49840618701528105
16,1668,1.4129806257722628,1.9870152554832616,0.11979486802998592,0.5017605732111401
17,1766,1.4129806257722628,2.0009411555686274,0.08263028489904027,0.49515593377941347
18,1864,1.4129806257722628,1.9966178212398167,0.08817175679385796,0.49852552681366424
19,1962,1.4129806257722628,1.9867519820894102,0.09015179811172562,0.4964915277174423
20,2060,1.4129806257722628,1.9941072599555953,0.09167532982212154,0.5027369047624324
21,2158,1.4129806257722628,2.009967686978916,0.07352304971564749,0.5008582913550493
22,2256,1.4129806257722628,2.0012142732051212,0.08208106413256762,0.5040129720574202
23,2354,1.4129806257722628,1.9985015398300858,0.09397270491853059,0.49623995827287337
24,2452,1.4129806257722628,2.016854379654281,0.08033244857139688,0.5006385722123138
25,2550,1.4129806257722628,2.0156035766388816,0.08707677983887677,0.5004187715286106
26,2648,1.4129806257722628,1.9828761224405314,0.0822478518980553,0.4949160379784703
27,2746,1.4129806257722628,2.004423271030311,0.10300122182719156,0.5013746874973365
28,2844,1.4129806257722628,1.9968975934964521,0.09061990862691745,0.5030643726712933
29,2942,1.4129806257722628,1.9940233269846228,0.10101489513439765,0.5004334361148404
30,3040,1.4129806257722628,1.9918218553073295,0.08039914442222061,0.49548885307626434
31,3138,1.4129806257722628,2.0036296233136848,0.08353669925525682,0.49866432640867087
32,3236,1.4129806257722628,1.990320109826362,0.0862130296807945,0.496623432287216
33,3334,1.4129806257722628,2.012992196669242,0.08448814063264765,0.49314666790850903
34,3432,1.4129806257722628,2.007706620474542,0.08118640859351195,0.5009396620452172
35,3530,1.4129806257722628,2.0180336633447955,0.10254353545142558,0.49511843219557927
36,3628,1.4129806257722628,2.00686577922011,0.0933441324009999,0.4976182056647129
37,3726,1.4129806257722628,2.0151693646073117,0.08724043492749556,0.5023674819457836
38,3824,1.4129806257722628,1.984019608154309,0.10330619364706127,0.4934747546870738
39,3922,1.4129806257722628,2.008358768019658,0.09158091458743646,0.4971925401807027
40,4020,1.4129806257722628,2.00496991566419,0.08710688534808678,0.49814125960445704
41,4118,1.4129806257722628,2.014186283627438,0.08763278088642801,0.5009235814721152
42,4216,1.4129806257722628,2.0017811779236157,0.07161666674403297,0.5005642969693169
43,4314,1.4129806257722628,2.026013858733637,0.13098059829243883,0.49479450547633713
44,4412,1.4129806257722628,1.99958684903978,0.08136749304613913,0.49383753475119035
45,4510,1.4129806257722628,1.9979651766277193,0.09961645557147418,0.49533366617754176
46,4608,1.4129806257722628,2.008826665227699,0.09232413611717485,0.4977731112852691
47,4706,1.4129806257722628,2.011960018428725,0.11273168958499702,0.4965865442797679
48,4804,1.4129806257722628,2.018285262444582,0.11149266621665738,0.5035513475670685
49,4902,1.4129806257722628,1.9858095699748,0.0863355815244115,0.5039573737492948
50,5000,1.4129806257722628,1.9977768304084187,0.10198383144270022,0.49878844457755467
51,5098,1.4129806257722628,2.020244170270915,0.09465292250772697,0.49974997352742623
52,5196,1.4129806257722628,2.0091726228997944,0.0975971993436863,0.50109928332092
53,5294,1.4129806257722628,1.9920278045160957,0.08719636101843611,0.4960953620646
54,5392,1.4129806257722628,1.9839291817875735,0.11391669271518748,0.4981652082934453
55,5490,1.4129806257722628,2.0054074814506633,0.08512561983347401,0.4936150182990846
56,5588,1.4129806257722628,1.9969075278742565,0.1011342882223629,0.4999300108397816
57,5686,1.4129806257722628,2.0044554388202127,0.06688874635030456,0.49928174903145545
58,5784,1.4129806257722628,2.0022026113187597,0.088149174502954,0.4971246269326144
59,5882,1.4129806257722628,2.0078527948102756,0.08762184291478445,0.5001661731017886
60,5980,1.4129806257722628,1.9934767260725523,0.09360857336761111,0.4993052600926816
61,6078,1.4129806257722628,2.013846787544991,0.07653544121801314,0.4985025730183134
62,6176,1.4129806257722628,2.0027674999496066,0.10021391447151316,0.4958723562358711
63,6274,1.4129806257722628,2.0093528785973223,0.09556107026675957,0.49319582511895244
64,6372,1.4129806257722628,2.0010274988103225,0.10883337821184406,0.49979570701030673
65,6470,1.4129806257722628,2.007550894274353,0.09196814043922422,0.49917241020998177
66,6568,1.4129806257722628,2.003739549672643,0.07961938820195541,0.49909006915357
67,6666,1.4129806257722628,1.9959852774111608,0.09135185212875897,0.49777276507871066
68,6764,1.4129806257722628,2.0052138596828044,0.07457714503091369,0.5008258349220319
69,6862,1.4129806257722628,2.008871141190501,0.09191393139152536,0.496495944070036
70,6960,1.4129806257722628,1.9944432917128325,0.0762496060074956,0.5008139836835608
71,7058,1.4129806257722628,2.0036519560768404,0.08881281259213648,0.4979428584752849
72,7156,1.4129806257722628,2.0208166535940513,0.08552541397097076,0.4966052600398302
73,7254,1.4129806257722628,2.0109806964969033,0.09195979064723414,0.4897006849806773
74,7352,1.4129806257722628,1.9938959542999382,0.10770449499386137,0.49751389869918156
75,7450,1.4129806257722628,2.002298175343389,0.12153248927814458,0.4951313151263033
76,7548,1.4129806257722628,2.015396357236829,0.07903458593492703,0.4970811209834055
77,7646,1.4129806257722628,2.0162509638226873,0.07899358132691746,0.49689327687945417
78,7744,1.4129806257722628,2.0176500508674997,0.10903450643569439,0.5002616015649732
79,7842,1.4129806257722628,2.0033735733389277,0.07220100834551983,0.49951614845474596
80,7940,1.4129806257722628,2.0143347065605806,0.11393518082326033,0.5027835088036546
81,8038,1.4129806257722628,2.0000659688481806,0.08309001678248486,0.49719729285211295
82,8136,1.4129806257722628,2.0025832045677854,0.09082378613666568,0.4977827068513258
83,8234,1.4129806257722628,1.9943053042080388,0.08642181449885657,0.49967752199940374
84,8332,1.4129806257722628,1.9859240139694057,0.101137092131998,0.49554072827891565
85,8430,1.4129806257722628,2.0003999393824334,0.10472951531838405,0.4979627936711042
86,8528,1.4129806257722628,2.0014445351527663,0.09818137165046395,0.5012273394826184
87,8626,1.4129806257722628,2.0064624336945545,0.08563175258180286,0.49711132289625193
88,8724,1.4129806257722628,2.015344905867953,0.09249102470088637,0.49723626200275384
89,8822,1.4129806257722628,2.0034765109077477,0.09795419735163417,0.5014146063776255
90,8920,1.4129806257722628,1.9915232088624608,0.09436286790507485,0.4960143514304513
91,9018,1.4129806257722628,1.985762429645877,0.09541553442646834,0.49641574042845255
92,9116,1.4129806257722628,2.0041440585584676,0.08225956394133423,0.49543673342721534
93,9214,1.4129806257722628,2.014555836486199,0.10455901064739541,0.49528206615797704
94,9312,1.4129806257722628,2.0021302260112734,0.07220408371248023,0.49363033477722384
95,9410,1.4129806257722628,1.9966537509607538,0.10199725786787617,0.49711231565590897
96,9508,1.4129806257722628,2.000156633963132,0.08491764278031828,0.497877212293254
97,9606,1.4129806257722628,1.9993798996248948,0.10017298757095,0.5005428523810859
98,9704,1.4129806257722628,2.007610281312048,0.08075398248957959,0.4967934808683607
99,9802,1.4129806257722628,1.9865952490113608,0.09009591550605,0.49513533460684467
100,9900,1.4129806257722628,2.0010465465353073,0.06941143162560531,0.5001753577332699
