generation,evaluations,best_fitness,mean_fitness,std_fitness
1,198,1.299576860918777,1.9852669159166687,0.12150573745807568
2,296,1.299576860918777,1.988496501054313,0.12289777543154883
3,394,1.299576860918777,1.992647748723827,0.12390799893973696
4,492,1.299576860918777,1.9767947096849334,0.12774914293049447
5,590,1.299576860918777,1.985761362606273,0.13331871280393504
6,688,1.299576860918777,1.9757653602947511,0.1430071904779631
7,786,1.299576860918777,1.9653842943172224,0.14546397863283358
8,884,1.299576860918777,1.9734052633302748,0.1430399021896267
9,982,1.299576860918777,1.9691215081280782,0.14797415809136688
10,1080,1.299576860918777,1.9735096740468827,0.15198140904040605
11,1178,1.299576860918777,1.9746482790745858,0.13067415000265487
12,1276,1.299576860918777,1.9622958306376037,0.12939999081785658
13,1374,1.299576860918777,1.967382702839854,0.13156350498704175
14,1472,1.299576860918777,1.9673773190436317,0.12986951898674723
15,1570,1.299576860918777,1.9620103688900747,0.14019733889307417
16,1668,1.299576860918777,1.96264307356025,0.12692984247586211
17,1766,1.299576860918777,1.9813129507703386,0.13863174994723282
18,1864,1.299576860918777,1.9497385109100636,0.13578996931762508
19,1962,1.299576860918777,1.9498939107948083,0.16235035805209652
20,2060,1.299576860918777,1.9589265027012268,0.1473564532148631
21,2158,1.299576860918777,1.9503628845825653,0.16093596621095746
22,2256,1.299576860918777,1.940855848849541,0.15101952108233888
23,2354,1.299576860918777,1.9374387390725463,0.16112966894736577
24,2452,1.299576860918777,1.9339266705386575,0.13078661279242618
25,2550,1.299576860918777,1.9010615799478132,0.15147693378569715
26,2648,1.299576860918777,1.9309368460024836,0.15443896522289255
27,2746,1.299576860918777,1.9539746921597558,0.14891084834997304
28,2844,1.299576860918777,1.9353189395093289,0.16345572742173564
29,2942,1.299576860918777,1.9282945364730169,0.1357451401416475
30,3040,1.299576860918777,1.89096159762434,0.16525504713618647
31,3138,1.299576860918777,1.9074146764899624,0.19090849522932268
32,3236,1.2669239306954976,1.8997596403716772,0.18683465856374948
33,3334,1.2669239306954976,1.8783349162397753,0.19578611873300483
34,3432,1.2669239306954976,1.8729176659780071,0.17790660423661855
35,3530,1.2669239306954976,1.884456173258815,0.20807644974114212
36,3628,1.0479941338449603,1.8569105520680411,0.19058849823247972
37,3726,1.0479941338449603,1.8644295439684735,0.2006393519234606
38,3824,1.0479941338449603,1.818879691665976,0.21929074452473948
39,3922,1.0479941338449603,1.825826420257946,0.2432439158911978
40,4020,1.0479941338449603,1.7538600638816926,0.2687839024704901
41,4118,1.0479941338449603,1.7319096424899068,0.24590839634688508
42,4216,1.0479941338449603,1.7273045648889425,0.2406361341401015
43,4314,1.0479941338449603,1.714191636204931,0.2579818959113935
44,4412,0.9986707065727624,1.7116384550138906,0.2659750333085271
45,4510,0.9986707065727624,1.6574167063025336,0.26671126404422085
46,4608,0.9986707065727624,1.6149663036643045,0.2573997847337854
47,4706,0.9355230111571775,1.6024226179187706,0.2620907740194955
48,4804,0.9116746935710122,1.5474952394520674,0.299667595470953
49,4902,0.9116746935710122,1.5567734940750355,0.27931454358126007
50,5000,0.7226551900968491,1.479883699885323,0.273784887347642
51,5098,0.7226551900968491,1.4908345514181554,0.27132219514470673
52,5196,0.7099952200205939,1.4438659497936928,0.28601159414053984
53,5294,0.7066850352745652,1.3907873250411944,0.29376016114873754
54,5392,0.5673658907145365,1.3389892008867252,0.3247451812885865
55,5490,0.5673658907145365,1.3084973420282067,0.29786021088664794
56,5588,0.5673658907145365,1.2638146182629506,0.2892901601765273
57,5686,0.5673658907145365,1.287231467724036,0.2915291786503967
58,5784,0.5673658907145365,1.2395086012549104,0.2902494993879377
59,5882,0.5673658907145365,1.2509580719798743,0.32389097993489474
60,5980,0.5673658907145365,1.3144533060542292,0.2868861999818002
61,6078,0.5673658907145365,1.2814609781130224,0.3011840094369138
62,6176,0.5673658907145365,1.2344492248638388,0.28707356195767225
63,6274,0.5673658907145365,1.261994225487582,0.32122229465902746
64,6372,0.5673658907145365,1.2495874097112138,0.3306349507255875
65,6470,0.5673658907145365,1.2226935615502317,0.3402512543870865
66,6568,0.5673658907145365,1.2064585161980483,0.3246923140093689
67,6666,0.5673658907145365,1.2572059273422065,0.3230655162650366
68,6764,0.5673658907145365,1.2294596651447878,0.32601135687211136
69,6862,0.5673658907145365,1.217392803864833,0.32514113080472845
70,6960,0.5610608977034577,1.1972795395992402,0.3303874378077226
71,7058,0.5565920150798881,1.1828755802370043,0.34890949000782695
72,7156,0.5493797968223902,1.2041456857729773,0.3327505711798587
73,7254,0.5493797968223902,1.2002385684777612,0.3368811482667958
74,7352,0.5493797968223902,1.1351006707467672,0.3315870389721553
75,7450,0.5493797968223902,1.169254606956966,0.307382194283651
76,7548,0.5493797968223902,1.1783258337856568,0.3195081519547035
77,7646,0.5493797968223902,1.118496999858611,0.29368287258594344
78,7744,0.5493797968223902,1.1514483342337178,0.3348752717590144
79,7842,0.5381062294368322,1.1316524471243419,0.3374901607646937
80,7940,0.4974419428876171,1.0931088462751162,0.3092285769599575
81,8038,0.4974419428876171,1.113281885560239,0.339557478835927
82,8136,0.4974419428876171,1.010871009258577,0.3120545152288496
83,8234,0.4974419428876171,1.0334578021614447,0.2748386180696319
84,8332,0.4974419428876171,1.0162891459570966,0.3191352988087951
85,8430,0.467608307431684,1.0376389828901997,0.3289215920479317
86,8528,0.467608307431684,1.0511706114442505,0.333675371604542
87,8626,0.467608307431684,1.0505975163431587,0.3182691153223275
88,8724,0.41932511006818696,1.0619459867490628,0.3174882248278701
89,8822,0.41932511006818696,1.0556274778040942,0.3195817450976244
90,8920,0.41932511006818696,1.0674443405952947,0.3338452372744827
91,9018,0.41932511006818696,1.1053725975975293,0.3491257744434694
92,9116,0.41932511006818696,1.0851539728374489,0.3437116400378554
93,9214,0.41932511006818696,1.084154441294273,0.36090721909847795
94,9312,0.41932511006818696,1.0423851357317229,0.3619291015825754
95,9410,0.41932511006818696,1.0368439875925162,0.32146909914728017
96,9508,0.41932511006818696,1.0216544938509804,0.3657900309950811
97,9606,0.41932511006818696,1.0485786811593798,0.32332631445699356
98,9704,0.3408830816911424,1.1034723981265724,0.3715244858014174
99,9802,0.3408830816911424,1.0117329723722501,0.3184935771514586
100,9900,0.3408830816911424,1.0220293259603987,0.3528530906675556
