generation,evaluations,best_fitness
0,100,1.7322437925207168
2,296,1.7235300031618979
3,394,1.7048547756315624
4,492,1.5319850561270547
14,1472,1.5152057197882083
17,1766,1.4617242711161849
21,2158,1.3266350982561799
32,3236,1.2539934046733932
37,3726,1.0202336780694792
43,4314,0.8992129680152101
44,4412,0.8609847990564353
46,4608,0.7948552773480935
50,5000,0.7060701203359476
51,5098,0.6653822162266623
55,5490,0.6574425197523032
56,5588,0.591251581399852
62,6176,0.5538488010589739
64,6372,0.5255007709657624
67,6666,0.5187410793767284
68,6764,0.5161168328713283
69,6862,0.4875131154157224
73,7254,0.48152090533802944
74,7352,0.48003526127490226
75,7450,0.43513061475439263
77,7646,0.41836718026563907
78,7744,0.4147436655191352
79,7842,0.38543004720401824
84,8332,0.3738759905593452
85,8430,0.3598914100175093
89,8822,0.2964767783254851
94,9312,0.2775475524923517
97,9606,0.2741340524015339
98,9704,0.2732963015790236
99,9802,0.26951127545207076
100,9900,0.24471081694596836
